insert into tverlag (verlagid, verlagname, strasse, ort, vornamekontakt, nachnamekontakt, mail, telefon) values (1, 'Realmix', '4 Gina Circle', 'Borodino', 'Deana', 'Luquet', 'dluquet0@sciencedaily.com', '992 214 9101');
insert into tverlag (verlagid, verlagname, strasse, ort, vornamekontakt, nachnamekontakt, mail, telefon) values (2, 'Feedfire', '82037 Menomonie Center', 'Hanyin Chengguanzhen', 'Francisco', 'Siebart', 'fsiebart1@123-reg.co.uk', '623 984 3923');
insert into tverlag (verlagid, verlagname, strasse, ort, vornamekontakt, nachnamekontakt, mail, telefon) values (3, 'Realpoint', '10555 Granby Court', 'Bieniewice', 'Stewart', 'Tytcomb', 'stytcomb2@sakura.ne.jp', '347 293 5898');
insert into tverlag (verlagid, verlagname, strasse, ort, vornamekontakt, nachnamekontakt, mail, telefon) values (4, 'Babbleset', '48 Spaight Crossing', 'Kabaty', 'Jefferey', 'Sandaver', 'jsandaver3@nature.com', '776 485 6004');
insert into tverlag (verlagid, verlagname, strasse, ort, vornamekontakt, nachnamekontakt, mail, telefon) values (5, 'Gevee', '687 Kenwood Center', 'Xuanhua', 'Cheslie', 'Brooking', 'cbrooking4@auda.org.au', '200 974 0660');
insert into tverlag (verlagid, verlagname, strasse, ort, vornamekontakt, nachnamekontakt, mail, telefon) values (6, 'Wordify', '8244 Valley Edge Parkway', 'Pa Tio', 'Moishe', 'Bollini', 'mbollini5@stanford.edu', '800 462 8249');
insert into tverlag (verlagid, verlagname, strasse, ort, vornamekontakt, nachnamekontakt, mail, telefon) values (7, 'Topicblab', '565 Coleman Street', 'San Rafael', 'Adriana', 'Dummer', 'adummer6@google.com', '739 502 2895');
insert into tverlag (verlagid, verlagname, strasse, ort, vornamekontakt, nachnamekontakt, mail, telefon) values (8, 'Thoughtsphere', '340 Buell Court', 'Nagai', 'Tedd', 'Butte', 'tbutte7@vkontakte.ru', '694 572 0757');
insert into tverlag (verlagid, verlagname, strasse, ort, vornamekontakt, nachnamekontakt, mail, telefon) values (9, 'Yodo', '0 Washington Hill', 'Penticton', 'Kassi', 'Trumper', 'ktrumper8@narod.ru', '729 517 0580');
insert into tverlag (verlagid, verlagname, strasse, ort, vornamekontakt, nachnamekontakt, mail, telefon) values (10, 'Topiclounge', '339 Menomonie Parkway', 'Västra Frölunda', 'Mirabella', 'Scrogges', 'mscrogges9@deliciousdays.com', '680 256 1038');
insert into tverlag (verlagid, verlagname, strasse, ort, vornamekontakt, nachnamekontakt, mail, telefon) values (11, 'Yodoo', '2 Mallory Alley', 'El Cerrito', 'Giorgi', 'Convery', 'gconverya@mail.ru', '717 354 1411');
insert into tverlag (verlagid, verlagname, strasse, ort, vornamekontakt, nachnamekontakt, mail, telefon) values (12, 'Snaptags', '3983 Glendale Park', 'Neglasari', 'Mandie', 'Pearce', 'mpearceb@symantec.com', '653 560 4182');
insert into tverlag (verlagid, verlagname, strasse, ort, vornamekontakt, nachnamekontakt, mail, telefon) values (13, 'LiveZ', '48 Lakewood Gardens Court', 'San Andrés Xecul', 'Ernst', 'Pergens', 'epergensc@shareasale.com', '412 293 0466');
insert into tverlag (verlagid, verlagname, strasse, ort, vornamekontakt, nachnamekontakt, mail, telefon) values (14, 'Gabvine', '20 Eastwood Court', 'Pakxong', 'Richy', 'Mullender', 'rmullenderd@businessweek.com', '277 730 6226');
insert into tverlag (verlagid, verlagname, strasse, ort, vornamekontakt, nachnamekontakt, mail, telefon) values (15, 'Jaxnation', '1935 Westend Terrace', 'Mpumalanga', 'Brenn', 'Meeke', 'bmeekee@squidoo.com', '365 890 6251');

insert into tbuch (buchid, titel, isbn, verlagid, sprache, bestandlager, bestandgestell, bestelldauerday, verfuegbarkeit, einkaufspreis, verkaufspreis) values (1, 'Dead Tired', '745075315-4', 14, 'Thai', 7, 5, 5, true, 5, 10);
insert into tbuch (buchid, titel, isbn, verlagid, sprache, bestandlager, bestandgestell, bestelldauerday, verfuegbarkeit, einkaufspreis, verkaufspreis) values (2, 'Over Your Dead Body', '785017260-4', 4, 'Tajik', 15, 3, 10, true, 10, 15);
insert into tbuch (buchid, titel, isbn, verlagid, sprache, bestandlager, bestandgestell, bestelldauerday, verfuegbarkeit, einkaufspreis, verkaufspreis) values (3, 'Thief', '159870936-4', 12, 'Gujarati', 1, 2, 20, true, 6, 11);
insert into tbuch (buchid, titel, isbn, verlagid, sprache, bestandlager, bestandgestell, bestelldauerday, verfuegbarkeit, einkaufspreis, verkaufspreis) values (4, 'Let It Snow', '564640366-9', 7, 'Hungarian', 13, 2, 10, true, 13, 18);
insert into tbuch (buchid, titel, isbn, verlagid, sprache, bestandlager, bestandgestell, bestelldauerday, verfuegbarkeit, einkaufspreis, verkaufspreis) values (5, 'Michael Collins', '498509073-5', 1, 'Oriya', 20, 3, 100, false, 12, 17);
insert into tbuch (buchid, titel, isbn, verlagid, sprache, bestandlager, bestandgestell, bestelldauerday, verfuegbarkeit, einkaufspreis, verkaufspreis) values (6, 'Bruna Surfistinha', '806621876-1', 1, 'Pashto', 11, 1, 100, true, 9, 14);
insert into tbuch (buchid, titel, isbn, verlagid, sprache, bestandlager, bestandgestell, bestelldauerday, verfuegbarkeit, einkaufspreis, verkaufspreis) values (7, 'In a Year with 13 Moons', '354093600-9', 7, 'Guaraní', 17, 4, 100, true, 6, 11);
insert into tbuch (buchid, titel, isbn, verlagid, sprache, bestandlager, bestandgestell, bestelldauerday, verfuegbarkeit, einkaufspreis, verkaufspreis) values (8, 'Secret of Moonacre', '358373714-8', 10, 'Tsonga', 11, 3, 15, false, 14, 19);
insert into tbuch (buchid, titel, isbn, verlagid, sprache, bestandlager, bestandgestell, bestelldauerday, verfuegbarkeit, einkaufspreis, verkaufspreis) values (9, 'Miami Rhapsody', '939454442-9', 14, 'Romanian', 13, 1, 5, true, 8, 13);
insert into tbuch (buchid, titel, isbn, verlagid, sprache, bestandlager, bestandgestell, bestelldauerday, verfuegbarkeit, einkaufspreis, verkaufspreis) values (10, 'Jerusalema', '586192794-4', 5, 'Punjabi', 20, 3, 5, false, 9, 14);
insert into tbuch (buchid, titel, isbn, verlagid, sprache, bestandlager, bestandgestell, bestelldauerday, verfuegbarkeit, einkaufspreis, verkaufspreis) values (11, 'Tube Tales', '067275626-9', 15, 'Polish', 1, 3, 4, true, 10, 15);
insert into tbuch (buchid, titel, isbn, verlagid, sprache, bestandlager, bestandgestell, bestelldauerday, verfuegbarkeit, einkaufspreis, verkaufspreis) values (12, 'Bicycle Thieves', '936848370-1', 1, 'English', 20, 5, 5, true, 7, 12);
insert into tbuch (buchid, titel, isbn, verlagid, sprache, bestandlager, bestandgestell, bestelldauerday, verfuegbarkeit, einkaufspreis, verkaufspreis) values (13, 'All Together', '138417849-X', 3, 'Nepali', 14, 2, 2, true, 15, 20);
insert into tbuch (buchid, titel, isbn, verlagid, sprache, bestandlager, bestandgestell, bestelldauerday, verfuegbarkeit, einkaufspreis, verkaufspreis) values (14, 'Company Men', '037660360-7', 14, 'Marathi', 18, 5, 2, false, 14, 19);
insert into tbuch (buchid, titel, isbn, verlagid, sprache, bestandlager, bestandgestell, bestelldauerday, verfuegbarkeit, einkaufspreis, verkaufspreis) values (15, 'High School Musical 3', '910405274-9', 14, 'Moldovan', 13, 5, 2, true, 9, 14);
insert into tbuch (buchid, titel, isbn, verlagid, sprache, bestandlager, bestandgestell, bestelldauerday, verfuegbarkeit, einkaufspreis, verkaufspreis) values (16, 'One Sunday Afternoon', '420502099-6', 6, 'Dzongkha', 6, 2, 10, true, 6, 11);
insert into tbuch (buchid, titel, isbn, verlagid, sprache, bestandlager, bestandgestell, bestelldauerday, verfuegbarkeit, einkaufspreis, verkaufspreis) values (17, 'Smiling Madame Beudet', '934432272-4', 5, 'Luxembourgish', 5, 1, 1, false, 7, 12);
insert into tbuch (buchid, titel, isbn, verlagid, sprache, bestandlager, bestandgestell, bestelldauerday, verfuegbarkeit, einkaufspreis, verkaufspreis) values (18, 'Dont Stop Believin', '885012188-1', 9, 'West Frisian', 10, 2, 1, true, 8, 13);
insert into tbuch (buchid, titel, isbn, verlagid, sprache, bestandlager, bestandgestell, bestelldauerday, verfuegbarkeit, einkaufspreis, verkaufspreis) values (19, 'Jackass: The Movie', '355134844-8', 13, 'Belarusian', 14, 3, 1, false, 9, 14);
insert into tbuch (buchid, titel, isbn, verlagid, sprache, bestandlager, bestandgestell, bestelldauerday, verfuegbarkeit, einkaufspreis, verkaufspreis) values (20, '13B', '484063071-2', 8, 'Latvian', 12, 5, 1, false, 11, 16);
insert into tbuch (buchid, titel, isbn, verlagid, sprache, bestandlager, bestandgestell, bestelldauerday, verfuegbarkeit, einkaufspreis, verkaufspreis) values (21, 'King of the Ants', '198349392-9', 4, 'Arabic', 10, 2, 5, true, 8, 13);
insert into tbuch (buchid, titel, isbn, verlagid, sprache, bestandlager, bestandgestell, bestelldauerday, verfuegbarkeit, einkaufspreis, verkaufspreis) values (22, 'Honkytonk Man', '706033974-4', 7, 'Dari', 19, 4, 2, true, 9, 14);
insert into tbuch (buchid, titel, isbn, verlagid, sprache, bestandlager, bestandgestell, bestelldauerday, verfuegbarkeit, einkaufspreis, verkaufspreis) values (23, 'War of the Worlds', '363121916-4', 9, 'Swati', 6, 5, 100, true, 12, 17);
insert into tbuch (buchid, titel, isbn, verlagid, sprache, bestandlager, bestandgestell, bestelldauerday, verfuegbarkeit, einkaufspreis, verkaufspreis) values (24, 'Boom Town', '904534281-2', 6, 'Polish', 7, 4, 2, false, 14, 19);
insert into tbuch (buchid, titel, isbn, verlagid, sprache, bestandlager, bestandgestell, bestelldauerday, verfuegbarkeit, einkaufspreis, verkaufspreis) values (25, 'Gone Fishin''', '260864316-7', 4, 'Catalan', 12, 2, 5, false, 14, 19);
insert into tbuch (buchid, titel, isbn, verlagid, sprache, bestandlager, bestandgestell, bestelldauerday, verfuegbarkeit, einkaufspreis, verkaufspreis) values (26, 'Dead Calling', '263815147-5', 8, 'Indonesian', 15, 5, 4, true, 8, 13);
insert into tbuch (buchid, titel, isbn, verlagid, sprache, bestandlager, bestandgestell, bestelldauerday, verfuegbarkeit, einkaufspreis, verkaufspreis) values (27, 'Three Musketeers', '111138055-4', 11, 'Romanian', 9, 4, 4, true, 12, 17);
insert into tbuch (buchid, titel, isbn, verlagid, sprache, bestandlager, bestandgestell, bestelldauerday, verfuegbarkeit, einkaufspreis, verkaufspreis) values (28, 'Queens Logic', '459109276-3', 2, 'Italian', 6, 1, 10, true, 13, 18);
insert into tbuch (buchid, titel, isbn, verlagid, sprache, bestandlager, bestandgestell, bestelldauerday, verfuegbarkeit, einkaufspreis, verkaufspreis) values (29, 'They Wont Believe Me', '871072761-2', 9, 'Tok Pisin', 19, 3, 10, false, 13, 18);
insert into tbuch (buchid, titel, isbn, verlagid, sprache, bestandlager, bestandgestell, bestelldauerday, verfuegbarkeit, einkaufspreis, verkaufspreis) values (30, 'Truth About Cats & Dogs', '908815949-1', 4, 'Amharic', 19, 3, 10, true, 5, 10);

insert into tautor (autorid, vorname, nachname) values (1, 'Katrine', 'Paulus');
insert into tautor (autorid, vorname, nachname) values (2, 'Tabb', 'Van Brug');
insert into tautor (autorid, vorname, nachname) values (3, 'Yorgo', 'Pipping');
insert into tautor (autorid, vorname, nachname) values (4, 'Flora', 'Sehorsch');
insert into tautor (autorid, vorname, nachname) values (5, 'Shannan', 'Olczyk');
insert into tautor (autorid, vorname, nachname) values (6, 'Robyn', 'Ahrens');
insert into tautor (autorid, vorname, nachname) values (7, 'Eba', 'McKelvey');
insert into tautor (autorid, vorname, nachname) values (8, 'Barry', 'Jackes');
insert into tautor (autorid, vorname, nachname) values (9, 'Allegra', 'Archbell');
insert into tautor (autorid, vorname, nachname) values (10, 'Rasla', 'McTear');
insert into tautor (autorid, vorname, nachname) values (11, 'Nissa', 'Rosenblath');
insert into tautor (autorid, vorname, nachname) values (12, 'Gay', 'Aprahamian');
insert into tautor (autorid, vorname, nachname) values (13, 'Kennedy', 'Yate');
insert into tautor (autorid, vorname, nachname) values (14, 'Elbert', 'Battelle');
insert into tautor (autorid, vorname, nachname) values (15, 'Rhonda', 'Abberley');

insert into tbestellung (bestellungid, bestelldatum, anzahl, buchid, bestellpreis, erhalten) values (1, '2017-05-04', 10, 6, 9, false);
insert into tbestellung (bestellungid, bestelldatum, anzahl, buchid, bestellpreis, erhalten) values (2, '2017-05-18', 15, 5, 6, true);
insert into tbestellung (bestellungid, bestelldatum, anzahl, buchid, bestellpreis, erhalten) values (3, '2017-02-07', 20, 7, 8, false);
insert into tbestellung (bestellungid, bestelldatum, anzahl, buchid, bestellpreis, erhalten) values (4, '2019-07-19', 6, 23, 10, false);
insert into tbestellung (bestellungid, bestelldatum, anzahl, buchid, bestellpreis, erhalten) values (5, '2019-04-09', 12, 28, 13, true);
insert into tbestellung (bestellungid, bestelldatum, anzahl, buchid, bestellpreis, erhalten) values (6, '2019-08-11', 5, 21, 8, true);
insert into tbestellung (bestellungid, bestelldatum, anzahl, buchid, bestellpreis, erhalten) values (7, '2019-08-26', 10, 23, 12, true);
insert into tbestellung (bestellungid, bestelldatum, anzahl, buchid, bestellpreis, erhalten) values (8, '2019-08-19', 20, 21, 8, true);
insert into tbestellung (bestellungid, bestelldatum, anzahl, buchid, bestellpreis, erhalten) values (9, '2019-04-28', 15, 25, 14, false);
insert into tbestellung (bestellungid, bestelldatum, anzahl, buchid, bestellpreis, erhalten) values (10, '2019-08-18', 10, 29, 13, true);
insert into tbestellung (bestellungid, bestelldatum, anzahl, buchid, bestellpreis, erhalten) values (11, '2019-03-07', 5, 23, 12, true);
insert into tbestellung (bestellungid, bestelldatum, anzahl, buchid, bestellpreis, erhalten) values (12, '2017-02-17', 12, 18, 8, true);
insert into tbestellung (bestellungid, bestelldatum, anzahl, buchid, bestellpreis, erhalten) values (13, '2019-08-01', 8, 22, 9, true);
insert into tbestellung (bestellungid, bestelldatum, anzahl, buchid, bestellpreis, erhalten) values (14, '2019-01-31', 15, 27, 12, false);
insert into tbestellung (bestellungid, bestelldatum, anzahl, buchid, bestellpreis, erhalten) values (16, '2019-12-11', 4, 11, 10, true);
insert into tbestellung (bestellungid, bestelldatum, anzahl, buchid, bestellpreis, erhalten) values (17, '2019-12-11', 4, 11, 10, true);
insert into tbestellung (bestellungid, bestelldatum, anzahl, buchid, bestellpreis, erhalten) values (18, '2019-12-11', 4, 3, 18, true);
insert into tbestellung (bestellungid, bestelldatum, anzahl, buchid, bestellpreis, erhalten) values (19, '2019-12-11', 4, 3, 18, true);

insert into tbuch_tautor (buchid, autorid) values (1, 15);
insert into tbuch_tautor (buchid, autorid) values (2, 14);
insert into tbuch_tautor (buchid, autorid) values (3, 13);
insert into tbuch_tautor (buchid, autorid) values (4, 12);
insert into tbuch_tautor (buchid, autorid) values (5, 11);
insert into tbuch_tautor (buchid, autorid) values (6, 10);
insert into tbuch_tautor (buchid, autorid) values (7, 9);
insert into tbuch_tautor (buchid, autorid) values (8, 8);
insert into tbuch_tautor (buchid, autorid) values (9, 7);
insert into tbuch_tautor (buchid, autorid) values (10, 6);
insert into tbuch_tautor (buchid, autorid) values (11, 5);
insert into tbuch_tautor (buchid, autorid) values (12, 4);
insert into tbuch_tautor (buchid, autorid) values (13, 3);
insert into tbuch_tautor (buchid, autorid) values (15, 1);
insert into tbuch_tautor (buchid, autorid) values (16, 15);
insert into tbuch_tautor (buchid, autorid) values (17, 14);
insert into tbuch_tautor (buchid, autorid) values (18, 13);
insert into tbuch_tautor (buchid, autorid) values (19, 12);
insert into tbuch_tautor (buchid, autorid) values (20, 10);
insert into tbuch_tautor (buchid, autorid) values (21, 10);
insert into tbuch_tautor (buchid, autorid) values (22, 9);
insert into tbuch_tautor (buchid, autorid) values (23, 8);
insert into tbuch_tautor (buchid, autorid) values (24, 7);
insert into tbuch_tautor (buchid, autorid) values (25, 6);
insert into tbuch_tautor (buchid, autorid) values (26, 5);
insert into tbuch_tautor (buchid, autorid) values (27, 4);
insert into tbuch_tautor (buchid, autorid) values (28, 3);
insert into tbuch_tautor (buchid, autorid) values (29, 2);
insert into tbuch_tautor (buchid, autorid) values (30, 1);
insert into tbuch_tautor (buchid, autorid) values (1, 8);
insert into tbuch_tautor (buchid, autorid) values (2, 7);
insert into tbuch_tautor (buchid, autorid) values (3, 6);
insert into tbuch_tautor (buchid, autorid) values (4, 5);
insert into tbuch_tautor (buchid, autorid) values (5, 4);
insert into tbuch_tautor (buchid, autorid) values (6, 3);
insert into tbuch_tautor (buchid, autorid) values (7, 2);
insert into tbuch_tautor (buchid, autorid) values (8, 1);
insert into tbuch_tautor (buchid, autorid) values (9, 15);
insert into tbuch_tautor (buchid, autorid) values (10, 14);
insert into tbuch_tautor (buchid, autorid) values (11, 13);
insert into tbuch_tautor (buchid, autorid) values (12, 12);
insert into tbuch_tautor (buchid, autorid) values (13, 11);
insert into tbuch_tautor (buchid, autorid) values (14, 10);
insert into tbuch_tautor (buchid, autorid) values (15, 9);
